[
{
   "name" : "窗",
   "url" : "http://url.cn/5dGRbE0"
},
{
   "name" : "In the Rain",
   "url" : "http://url.cn/5CKgmDd"
},
{
   "name" : "寄清梦",
   "url" : "http://url.cn/54AAHR6"
},
{
   "name" : "两秒之结",
   "url" : "http://url.cn/53GkJY8"
},
{
   "name" : "立春",
   "url" : "http://url.cn/5buZ2j6"
},
{
   "name" : "立秋",
   "url" : "http://url.cn/5BxJY8g"
},
{
   "name" : "落花劫",
   "url" : "http://url.cn/5O2Bzp1"
},
{
   "name" : "梦想世界",
   "url" : "http://url.cn/5JCHFVK"
},
{
   "name" : "眠",
   "url" : "http://url.cn/5QbsChW"
},
{
   "name" : "陌上花开",
   "url" : "http://url.cn/5VyubfC"
},
{
   "name" : "前尘如梦",
   "url" : "http://url.cn/5FTcuzP"
},
{
   "name" : "起点",
   "url" : "http://url.cn/51mvbAX"
},
{
   "name" : "清风醉梦",
   "url" : "http://url.cn/5C7v0jH"
},
{
   "name" : "岁月流年",
   "url" : "http://url.cn/50F1L7n"
},
{
   "name" : "感谢",
   "url" : "http://url.cn/5ZGUwHy"
},
{
   "name" : "兔子先生",
   "url" : "http://url.cn/5Hb1taH"
},
{
   "name" : "无敌",
   "url" : "http://url.cn/5tWqeZA"
},
{
   "name" : "巷",
   "url" : "http://url.cn/5JTVbC2"
},
{
   "name" : "仙居谣",
   "url" : "http://url.cn/55oHj74"
},
{
   "name" : "小城书院",
   "url" : "http://url.cn/5nXbWyL"
},
{
   "name" : "惜春去",
   "url" : "http://url.cn/5rXCAkx"
},
{
   "name" : "眼泪",
   "url" : "http://url.cn/5tF7PkZ"
},
{
   "name" : "燕子",
   "url" : "http://url.cn/5tKjVuB"
},
{
   "name" : "一梦千朝",
   "url" : "http://url.cn/5kCIZZD"
},
{
   "name" : "莺啼序",
   "url" : "http://url.cn/5CLmepn"
},
{
   "name" : "呓语红尘",
   "url" : "http://url.cn/5SMqD0k"
},
{
   "name" : "不见伊",
   "url" : "http://url.cn/5XCIwNA"
},
{
   "name" : "I LOVE U",
   "url" : "http://url.cn/5dxsctH"
},
{
   "name" : "如旧",
   "url" : "http://url.cn/5qNFh3Z"
},
{
   "name" : "三月雨",
   "url" : "http://url.cn/5TJxpgA"
},
{
   "name" : "歪歪",
   "url" : "http://url.cn/5kuepUC"
},
{
   "name" : "扬州殇",
   "url" : "http://url.cn/56P0WAy"
},
{
   "name" : "驭风少年",
   "url" : "http://url.cn/5Pzw5dB"
},
{
   "name" : "明日DISCO",
   "url" : "http://url.cn/5fTUM4B"
},
{
   "name" : "孤帆",
   "url" : "http://url.cn/54bjCiw"
}
]