{
    "mouseover": [
        {
            "selector": ".title a",
            "text": ["要看看 {text} 么？"]
        },
        {
            "selector": ".searchbox",
            "text": ["在找什么东西呢，需要帮忙吗？"]
        }
    ],
    "click": [
        {
            "selector": "#landlord #live2d",
            "text": ["想听我唱歌吗？","不要动手动脚的！快把手拿开~~", "真…真的是不知羞耻！","Hentai！", "再摸的话我可要报警了！⌇●﹏●⌇", "110吗，这里有个变态一直在摸我(ó﹏ò｡)"]
        }
    ]
}